iso_code,location,date,total_cases,new_cases,new_cases_smoothed,total_deaths,new_deaths,new_deaths_smoothed,total_cases_per_million,new_cases_per_million,new_cases_smoothed_per_million,total_deaths_per_million,new_deaths_per_million,new_deaths_smoothed_per_million,reproduction_rate,stringency_index,population,median_age,gdp_per_capita,female_smokers,male_smokers,hospital_beds_per_thousand,life_expectancy,human_development_index,oecd_mei_index
AUS,Australia,2020-05,7202.0,436.0,441.4280000000002,103.0,10.0,17.433000000000003,282.433,17.097999999999995,17.309999999999995,4.039,0.38999999999999996,0.6850000000000003,0.8125806451612904,67.35225806451615,25499881.0,37.9,44648.71,13.0,16.5,3.84,83.44,0.944,97.4139991021805
AUS,Australia,2020-06,7920.0,718.0,542.855,104.0,1.0,1.144,310.59,28.158000000000005,21.287,4.078,0.039,0.041999999999999996,1.3953333333333333,55.01433333333333,25499881.0,37.9,44648.71,13.0,16.5,3.84,83.44,0.944,97.9951596964896
AUS,Australia,2020-07,17280.0,9360.0,8106.57,201.0,97.0,73.85900000000001,677.65,367.063,317.90700000000004,7.882,3.8019999999999996,2.895,1.5183870967741935,69.81935483870967,25499881.0,37.9,44648.71,13.0,16.5,3.84,83.44,0.944,98.4887651730858
AUS,Australia,2020-08,25819.0,8539.0,9721.712,657.0,456.0,425.573,1012.515,334.862,381.2439999999999,25.765,17.884999999999998,16.688,0.7896774193548387,75.10193548387099,25499881.0,37.9,44648.71,13.0,16.5,3.84,83.44,0.944,99.037693295023
AUS,Australia,2020-09,27096.0,1277.0,1510.43,888.0,231.0,273.999,1062.593,50.074999999999996,59.232000000000006,34.824,9.059000000000001,10.744000000000002,0.5916666666666668,74.72000000000001,25499881.0,37.9,44648.71,13.0,16.5,3.84,83.44,0.944,99.1956872966426
AUS,Australia,2020-10,27595.0,499.0,515.9960000000001,907.0,19.0,29.000000000000014,1082.162,19.568999999999996,20.233999999999995,35.569,0.743,1.136,0.8812903225806452,65.6696774193548,25499881.0,37.9,44648.71,13.0,16.5,3.84,83.44,0.944,99.4186414756741
AUS,Australia,2020-11,27912.0,317.0,320.28499999999997,908.0,1.0,0.858,1094.593,12.431999999999997,12.563,35.608,0.039,0.033999999999999996,1.0023333333333333,52.76066666666667,25499881.0,37.9,44648.71,13.0,16.5,3.84,83.44,0.944,99.6160469280265
AUS,Australia,2020-12,28425.0,513.0,474.14199999999994,909.0,1.0,1.43,1114.711,20.117999999999995,18.592999999999996,35.647,0.039,0.05999999999999999,1.159032258064516,65.99322580645158,25499881.0,37.9,44648.71,13.0,16.5,3.84,83.44,0.944,99.7515741479985
AUS,Australia,2021-01,28818.0,393.0,441.71600000000007,909.0,0.0,0.286,1130.123,15.409999999999997,17.321999999999992,35.647,0.0,0.012,0.8016129032258065,60.67516129032255,25499881.0,37.9,44648.71,13.0,16.5,3.84,83.44,0.944,99.7727796779733
AUT,Austria,2020-05,16731.0,1279.0,1350.9989999999998,668.0,84.0,101.571,1857.679,142.01199999999997,150.00400000000002,74.169,9.325000000000001,11.277000000000003,0.8080645161290323,60.60193548387096,9006400.0,44.4,45436.686,28.4,30.9,7.37,81.54,0.922,95.520962457186
AUT,Austria,2020-06,17766.0,1035.0,969.2850000000001,705.0,37.0,42.568,1972.597,114.91699999999999,107.623,78.278,4.107000000000001,4.723000000000001,1.1053333333333335,47.74466666666669,9006400.0,44.4,45436.686,28.4,30.9,7.37,81.54,0.922,97.1793996443094
AUT,Austria,2020-07,21130.0,3364.0,3115.5719999999997,718.0,13.0,14.716000000000003,2346.109,373.5129999999999,345.92699999999996,79.721,1.443,1.6350000000000002,1.2061290322580642,38.68258064516132,9006400.0,44.4,45436.686,28.4,30.9,7.37,81.54,0.922,97.7897607335543
AUT,Austria,2020-08,27438.0,6308.0,5899.859,733.0,15.0,18.425,3046.5,700.393,655.074,81.387,1.665,2.0419999999999994,1.203548387096774,35.190000000000026,9006400.0,44.4,45436.686,28.4,30.9,7.37,81.54,0.922,98.1021993385272
AUT,Austria,2020-09,44813.0,17375.0,16201.856000000002,799.0,66.0,56.714999999999996,4975.684,1929.1859999999997,1798.9269999999997,88.715,7.326000000000002,6.298,1.233,36.63733333333332,9006400.0,44.4,45436.686,28.4,30.9,7.37,81.54,0.922,98.5320794957896
AUT,Austria,2020-10,104925.0,60112.0,48347.71700000001,1109.0,310.0,245.999,11650.049,6674.363,5368.152,123.135,34.415,27.313,1.3564516129032258,51.16548387096773,9006400.0,44.4,45436.686,28.4,30.9,7.37,81.54,0.922,98.524509478136
AUT,Austria,2020-11,282456.0,177531.0,178850.14400000003,3184.0,2075.0,1851.4249999999995,31361.698,19711.648999999998,19858.119000000002,353.526,230.391,205.56799999999998,1.1103333333333334,78.11833333333334,9006400.0,44.4,45436.686,28.4,30.9,7.37,81.54,0.922,98.5405232264115
AUT,Austria,2020-12,360815.0,78359.0,84129.57299999999,6222.0,3038.0,3094.0020000000004,40062.067,8700.372,9341.087999999998,690.842,337.318,343.53299999999984,0.8167741935483871,75.60064516129029,9006400.0,44.4,45436.686,28.4,30.9,7.37,81.54,0.922,98.7216430683541
AUT,Austria,2021-01,414398.0,53583.0,56032.288,7721.0,1499.0,1621.572,46011.503,5949.435999999999,6221.385999999999,857.279,166.43499999999997,180.04700000000005,0.9280645161290321,82.40999999999998,9006400.0,44.4,45436.686,28.4,30.9,7.37,81.54,0.922,98.7474138699034
BEL,Belgium,2020-05,58381.0,9862.0,11244.999,9467.0,1873.0,2203.5699999999993,5037.354,850.936,970.2660000000001,816.852,161.609,190.13200000000006,0.7148387096774197,76.55225806451612,11589616.0,41.8,42658.576,25.1,31.4,5.64,81.63,0.931,94.6123353277482
BEL,Belgium,2020-06,61427.0,3046.0,3348.1440000000007,9747.0,280.0,339.1429999999999,5300.176,262.823,288.891,841.011,24.156999999999996,29.262,0.8463333333333334,57.06666666666663,11589616.0,41.8,42658.576,25.1,31.4,5.64,81.63,0.931,96.8121042877742
BEL,Belgium,2020-07,68751.0,7324.0,5804.572,9841.0,94.0,98.856,5932.121,631.947,500.843,849.122,8.109,8.534,1.3206451612903225,51.343870967741935,11589616.0,41.8,42658.576,25.1,31.4,5.64,81.63,0.931,98.4264776836635
BEL,Belgium,2020-08,85236.0,16485.0,16981.574,9895.0,54.0,72.99799999999999,7354.515,1422.3940000000005,1465.2400000000002,853.782,4.658999999999999,6.298999999999999,1.1106451612903225,59.01806451612901,11589616.0,41.8,42658.576,25.1,31.4,5.64,81.63,0.931,99.4553557809937
BEL,Belgium,2020-09,118452.0,33216.0,29977.142,10016.0,121.0,80.997,10220.528,2866.0129999999995,2586.552,864.222,10.44,6.9910000000000005,1.3066666666666669,52.59466666666665,11589616.0,41.8,42658.576,25.1,31.4,5.64,81.63,0.931,99.6429209175879
BEL,Belgium,2020-10,429229.0,310777.0,258075.71099999998,11625.0,1609.0,1201.4289999999999,37035.653,26815.125000000004,22267.838999999996,1003.053,138.832,103.66600000000001,1.4283870967741936,49.909677419354864,11589616.0,41.8,42658.576,25.1,31.4,5.64,81.63,0.931,99.8030580445363
BEL,Belgium,2020-11,577345.0,148116.0,198478.14199999993,16645.0,5020.0,5132.002,49815.714,12780.061999999998,17125.516,1436.199,433.145,442.8100000000001,0.7460000000000002,64.50633333333339,11589616.0,41.8,42658.576,25.1,31.4,5.64,81.63,0.931,99.9733388144672
BEL,Belgium,2020-12,646496.0,69151.0,70359.00000000001,19528.0,2883.0,2969.286,55782.349,5966.635,6070.866,1684.957,248.757,256.204,0.9016129032258066,60.19000000000004,11589616.0,41.8,42658.576,25.1,31.4,5.64,81.63,0.931,100.244098186412
BEL,Belgium,2021-01,710153.0,63657.0,61524.715,21092.0,1564.0,1681.8579999999997,61274.938,5492.589,5308.608,1819.905,134.948,145.11599999999996,1.0264516129032257,60.19000000000004,11589616.0,41.8,42658.576,25.1,31.4,5.64,81.63,0.931,100.390320060024
CAN,Canada,2020-05,92479.0,38022.0,40261.71200000001,7906.0,3727.0,4099.999,2450.284,1007.4119999999999,1066.7590000000002,209.474,98.75099999999999,108.632,0.896774193548387,71.42999999999996,37742157.0,41.4,44017.591,12.0,16.6,2.5,82.43,0.929,96.8464042554056
CAN,Canada,2020-06,106097.0,13618.0,15133.428,8780.0,874.0,1053.4279999999999,2811.101,360.816,400.96599999999995,232.631,23.154000000000003,27.910999999999994,0.8019999999999997,70.275,37742157.0,41.4,44017.591,12.0,16.6,2.5,82.43,0.929,98.1038766598882
CAN,Canada,2020-07,118281.0,12184.0,11819.859,9025.0,245.0,257.857,3133.923,322.824,313.173,239.123,6.486999999999999,6.8309999999999995,1.0325806451612904,67.60741935483877,37742157.0,41.4,44017.591,12.0,16.6,2.5,82.43,0.929,98.6289117289486
CAN,Canada,2020-08,130918.0,12637.0,12427.143,9193.0,168.0,177.14,3468.747,334.8239999999999,329.264,243.574,4.444999999999999,4.690999999999999,1.056451612903226,66.86096774193551,37742157.0,41.4,44017.591,12.0,16.6,2.5,82.43,0.929,99.1696895322076
CAN,Canada,2020-09,161107.0,30189.0,26487.57,9391.0,198.0,175.429,4268.622,799.876,701.804,248.82,5.240000000000001,4.649000000000001,1.2606666666666664,64.29333333333335,37742157.0,41.4,44017.591,12.0,16.6,2.5,82.43,0.929,99.4116410439552
CAN,Canada,2020-10,237313.0,76206.0,72747.428,10276.0,885.0,810.431,6287.743,2019.122,1927.4819999999997,272.268,23.446000000000005,21.472,1.18516129032258,63.43000000000002,37742157.0,41.4,44017.591,12.0,16.6,2.5,82.43,0.929,99.6183728951263
CAN,Canada,2020-11,381557.0,144244.0,134312.144,12239.0,1963.0,1823.145,10109.571,3821.8289999999997,3558.677,324.279,52.013999999999996,48.305,1.1496666666666664,65.03333333333336,37742157.0,41.4,44017.591,12.0,16.6,2.5,82.43,0.929,99.9311967216893
CAN,Canada,2020-12,584409.0,202852.0,198644.14399999997,15762.0,3523.0,3365.569,15484.25,5374.677,5263.189000000001,417.623,93.34300000000002,89.17300000000002,1.0558064516129033,67.13000000000005,37742157.0,41.4,44017.591,12.0,16.6,2.5,82.43,0.929,100.229263257461
CAN,Canada,2021-01,783695.0,199286.0,209294.99800000005,20041.0,4279.0,4309.428,20764.447,5280.197000000001,5545.389,530.998,113.374,114.17899999999999,0.9396774193548387,73.34064516129034,37742157.0,41.4,44017.591,12.0,16.6,2.5,82.43,0.929,100.307789413533
CHL,Chile,2020-05,123550.0,105848.0,88577.85600000001,1054.0,827.0,700.144,6463.102,5537.080999999999,4633.654,55.136,43.261,36.625,1.4290322580645163,76.5690322580645,19116209.0,35.4,22767.037,34.2,41.5,2.11,80.18,0.851,96.5052925590353
CHL,Chile,2020-06,279393.0,155843.0,163344.57100000003,5688.0,4634.0,4361.143999999999,14615.502,8152.400000000001,8544.819,297.549,242.41000000000003,228.138,1.0146666666666666,78.23999999999998,19116209.0,35.4,22767.037,34.2,41.5,2.11,80.18,0.851,98.2256389053372
CHL,Chile,2020-07,355667.0,76274.0,82271.855,9457.0,3769.0,3978.572,18605.52,3990.0170000000003,4303.774000000001,494.711,197.164,208.12399999999994,0.8641935483870965,85.43806451612899,19116209.0,35.4,22767.037,34.2,41.5,2.11,80.18,0.851,99.8576858278824
CHL,Chile,2020-08,411726.0,56059.0,56464.28600000001,11289.0,1832.0,1884.9989999999998,21538.057,2932.538,2953.7380000000003,590.546,95.83700000000002,98.60599999999998,0.9535483870967737,83.55419354838713,19116209.0,35.4,22767.037,34.2,41.5,2.11,80.18,0.851,100.920705557951
CHL,Chile,2020-09,462991.0,51265.0,51458.71600000001,12741.0,1452.0,1503.711,24219.813,2681.7570000000005,2691.889,666.502,75.95700000000001,78.66100000000002,0.9896666666666668,81.94000000000004,19116209.0,35.4,22767.037,34.2,41.5,2.11,80.18,0.851,101.966821334707
CHL,Chile,2020-10,510256.0,47265.0,48321.285,14207.0,1466.0,1442.2889999999998,26692.322,2472.506,2527.7689999999993,743.191,76.687,75.44599999999997,0.9693548387096773,81.94000000000004,19116209.0,35.4,22767.037,34.2,41.5,2.11,80.18,0.851,102.735064721169
CHL,Chile,2020-11,551743.0,41487.0,41372.14199999999,15410.0,1203.0,1197.4279999999999,28862.574,2170.2539999999995,2164.24,806.122,62.92999999999999,62.639,1.0026666666666668,80.46000000000002,19116209.0,35.4,22767.037,34.2,41.5,2.11,80.18,0.851,103.101329927793
CHL,Chile,2020-12,608973.0,57230.0,55009.857000000025,16608.0,1198.0,1196.145,31856.369,2993.796,2877.655,868.792,62.666000000000004,62.56999999999999,1.108064516129032,76.03129032258065,19116209.0,35.4,22767.037,34.2,41.5,2.11,80.18,0.851,103.438422188085
CHL,Chile,2021-01,727109.0,118136.0,112314.285,18452.0,1844.0,1720.145,38036.255,6179.886,5875.3409999999985,965.254,96.464,89.98299999999999,1.1148387096774193,79.17000000000003,19116209.0,35.4,22767.037,34.2,41.5,2.11,80.18,0.851,103.796112985322
CZE,Czechia,2020-05,9268.0,1586.0,1676.1409999999996,320.0,84.0,94.713,865.442,148.1,156.51600000000002,29.881,7.846000000000003,8.845000000000002,0.9000000000000002,54.69129032258063,10708982.0,43.3,32605.906,30.5,38.3,6.63,79.38,0.9,90.3012652690685
CZE,Czechia,2020-06,11954.0,2686.0,2196.144,349.0,29.0,29.000999999999994,1116.259,250.81799999999998,205.07500000000005,32.589,2.706,2.708,1.210666666666667,39.58700000000001,10708982.0,43.3,32605.906,30.5,38.3,6.63,79.38,0.9,94.6615474319821
CZE,Czechia,2020-07,16574.0,4620.0,4506.287,382.0,33.0,27.284999999999997,1547.673,431.413,420.794,35.671,3.0809999999999995,2.5479999999999996,1.1241935483870968,36.020322580645164,10708982.0,43.3,32605.906,30.5,38.3,6.63,79.38,0.9,96.1141906153461
CZE,Czechia,2020-08,24618.0,8044.0,7805.0019999999995,424.0,42.0,45.287,2298.818,751.1469999999999,728.8290000000001,39.593,3.921,4.226000000000001,1.1661290322580649,36.11,10708982.0,43.3,32605.906,30.5,38.3,6.63,79.38,0.9,96.9321367866211
CZE,Czechia,2020-09,70763.0,46145.0,40935.428,655.0,231.0,187.859,6607.818,4309.0,3822.531,61.164,21.571,17.540000000000003,1.4503333333333335,38.241333333333344,10708982.0,43.3,32605.906,30.5,38.3,6.63,79.38,0.9,97.036866026491
CZE,Czechia,2020-10,335102.0,264339.0,232040.572,3251.0,2596.0,2103.57,31291.676,24683.859999999997,21667.848,303.577,242.415,196.431,1.3751612903225805,54.302258064516124,10708982.0,43.3,32605.906,30.5,38.3,6.63,79.38,0.9,96.4840962763495
CZE,Czechia,2020-11,523298.0,188196.0,217223.858,8295.0,5044.0,5194.86,48865.336,17573.660000000003,20284.26899999999,774.583,471.00800000000004,485.0930000000001,0.8200000000000001,71.54233333333336,10708982.0,43.3,32605.906,30.5,38.3,6.63,79.38,0.9,96.5317247650212
CZE,Czechia,2020-12,718661.0,195363.0,169419.0,11580.0,3285.0,3281.8549999999996,67108.246,18242.908000000003,15820.271,1081.335,306.753,306.4590000000001,1.15,65.50129032258066,10708982.0,43.3,32605.906,30.5,38.3,6.63,79.38,0.9,97.0021561314928
CZE,Czechia,2021-01,984774.0,266113.0,280434.1429999999,16308.0,4728.0,4725.857,91957.76,24849.513999999992,26186.815999999995,1522.834,441.503,441.299,0.9977419354838709,69.6193548387097,10708982.0,43.3,32605.906,30.5,38.3,6.63,79.38,0.9,97.3115221432625
DNK,Denmark,2020-05,11869.0,2513.0,2824.1450000000004,574.0,122.0,139.002,2049.134,433.8579999999998,487.57599999999996,99.099,21.066,23.999999999999996,0.8099999999999996,63.94967741935486,5792203.0,42.3,46682.515,19.3,18.8,2.5,80.9,0.94,97.2833192019176
DNK,Denmark,2020-06,12968.0,1099.0,1156.425,605.0,31.0,36.570999999999984,2238.872,189.73800000000006,199.65199999999996,104.451,5.353999999999999,6.314000000000001,0.9249999999999999,57.41000000000002,5792203.0,42.3,46682.515,19.3,18.8,2.5,80.9,0.94,99.0412275227008
DNK,Denmark,2020-07,14028.0,1060.0,937.002,615.0,10.0,9.722999999999995,2421.876,183.00600000000003,161.77,106.177,1.729,1.674999999999999,1.1974193548387095,55.25774193548391,5792203.0,42.3,46682.515,19.3,18.8,2.5,80.9,0.94,99.4502572741672
DNK,Denmark,2020-08,17410.0,3382.0,3317.143,624.0,9.0,10.002999999999998,3005.765,583.888,572.691,107.731,1.556,1.7249999999999994,1.263548387096774,50.93000000000001,5792203.0,42.3,46682.515,19.3,18.8,2.5,80.9,0.94,99.4802753083788
DNK,Denmark,2020-09,28479.0,11069.0,9891.573,650.0,26.0,24.574000000000005,4916.782,1911.0189999999998,1707.735,112.22,4.491,4.242,1.2843333333333335,49.85000000000003,5792203.0,42.3,46682.515,19.3,18.8,2.5,80.9,0.94,99.5415996842309
DNK,Denmark,2020-10,46863.0,18384.0,16723.429,721.0,71.0,64.56899999999999,8090.704,3173.9230000000002,2887.2299999999996,124.478,12.259,11.149999999999999,1.1577419354838707,43.251612903225784,5792203.0,42.3,46682.515,19.3,18.8,2.5,80.9,0.94,99.6422452908712
DNK,Denmark,2020-11,81002.0,34139.0,33554.141,837.0,116.0,103.57400000000001,13984.662,5893.961,5792.984000000001,144.505,20.029000000000003,17.881999999999998,1.1410000000000002,46.264333333333305,5792203.0,42.3,46682.515,19.3,18.8,2.5,80.9,0.94,99.7712783365458
DNK,Denmark,2020-12,164116.0,83114.0,79424.28600000001,1298.0,461.0,390.00000000000006,28333.952,14349.287999999999,13712.275000000001,224.094,79.592,67.332,1.1029032258064517,50.17774193548385,5792203.0,42.3,46682.515,19.3,18.8,2.5,80.9,0.94,99.9199973838102
DNK,Denmark,2021-01,199156.0,35040.0,40983.001,2126.0,828.0,862.5710000000001,34383.463,6049.510000000001,7075.547,367.045,142.95100000000005,148.91899999999998,0.7816129032258065,68.12935483870963,5792203.0,42.3,46682.515,19.3,18.8,2.5,80.9,0.94,100.060614401243
EST,Estonia,2020-05,1869.0,180.0,199.574,68.0,16.0,17.287,1408.93,135.69199999999998,150.44400000000002,51.261,12.062999999999997,13.029000000000003,0.8254838709677418,59.468709677419355,1326539.0,42.7,29481.252,24.5,39.3,4.69,78.74,0.892,90.4400611693198
EST,Estonia,2020-06,1989.0,120.0,137.141,69.0,1.0,2.716999999999999,1499.391,90.46400000000001,103.38400000000003,52.015,0.754,2.0460000000000003,0.7403333333333334,39.940666666666665,1326539.0,42.7,29481.252,24.5,39.3,4.69,78.74,0.892,93.789591095651
EST,Estonia,2020-07,2064.0,75.0,56.285,69.0,0.0,0.0,1555.929,56.541,42.433000000000014,52.015,0.0,0.0,1.1135483870967744,25.57129032258063,1326539.0,42.7,29481.252,24.5,39.3,4.69,78.74,0.892,96.9624096459665
EST,Estonia,2020-08,2375.0,311.0,298.28499999999997,64.0,-5.0,-4.998000000000002,1790.373,234.448,224.861,48.246,-3.7689999999999997,-3.7660000000000013,1.35258064516129,23.149999999999988,1326539.0,42.7,29481.252,24.5,39.3,4.69,78.74,0.892,98.7684366866673
EST,Estonia,2020-09,3371.0,996.0,875.432,64.0,0.0,0.0,2541.199,750.8249999999998,659.9359999999998,48.246,0.0,0.0,1.2676666666666667,24.72533333333332,1326539.0,42.7,29481.252,24.5,39.3,4.69,78.74,0.892,99.4672575903186
EST,Estonia,2020-10,4905.0,1534.0,1389.859,73.0,9.0,9.004999999999999,3697.592,1156.3900000000003,1047.73,55.03,6.7860000000000005,6.782000000000001,1.1693548387096775,25.929999999999982,1326539.0,42.7,29481.252,24.5,39.3,4.69,78.74,0.892,100.230370795377
EST,Estonia,2020-11,12308.0,7403.0,6685.000999999999,118.0,45.0,31.716999999999995,9278.28,5580.689,5039.426999999999,88.953,33.925,23.908,1.3563333333333332,32.43833333333335,1326539.0,42.7,29481.252,24.5,39.3,4.69,78.74,0.892,100.646506604221
EST,Estonia,2020-12,27990.0,15682.0,14757.428,229.0,111.0,109.42799999999998,21100.02,11821.742999999999,11124.760999999999,172.63,83.68100000000003,82.495,1.1348387096774193,48.83677419354835,1326539.0,42.7,29481.252,24.5,39.3,4.69,78.74,0.892,101.140073255611
EST,Estonia,2021-01,44208.0,16218.0,16555.287,419.0,190.0,188.429,33325.82,12225.797999999999,12480.058999999996,315.86,143.23000000000005,142.04799999999997,1.0209677419354841,49.10354838709678,1326539.0,42.7,29481.252,24.5,39.3,4.69,78.74,0.892,101.649454709959
FIN,Finland,2020-05,6859.0,1864.0,2048.7129999999997,320.0,109.0,119.142,1237.926,336.419,369.7579999999999,57.754,19.668000000000003,21.501999999999995,0.8032258064516128,55.8845161290323,5540718.0,42.8,40585.721,18.3,22.6,3.28,81.91,0.938,97.567973118806
FIN,Finland,2020-06,7214.0,355.0,460.85600000000005,328.0,8.0,14.006000000000006,1301.997,64.069,83.17700000000002,59.198,1.4399999999999997,2.5279999999999982,0.7433333333333333,39.506666666666696,5540718.0,42.8,40585.721,18.3,22.6,3.28,81.91,0.938,98.6668100851148
FIN,Finland,2020-07,7432.0,218.0,214.717,329.0,1.0,1.287,1341.342,39.342000000000006,38.754,59.379,0.18,0.23399999999999999,1.0835483870967744,36.62225806451616,5540718.0,42.8,40585.721,18.3,22.6,3.28,81.91,0.938,99.435574441305
FIN,Finland,2020-08,8086.0,654.0,629.1419999999999,336.0,7.0,6.147999999999997,1459.378,118.03599999999997,113.55200000000002,60.642,1.2619999999999998,1.1170000000000004,1.2409677419354836,33.575806451612884,5540718.0,42.8,40585.721,18.3,22.6,3.28,81.91,0.938,99.5243183400184
FIN,Finland,2020-09,9992.0,1906.0,1641.858,344.0,8.0,8.572,1803.376,344.0,296.327,62.086,1.444,1.5510000000000002,1.3130000000000002,32.409999999999975,5540718.0,42.8,40585.721,18.3,22.6,3.28,81.91,0.938,99.6833779482184
FIN,Finland,2020-10,16113.0,6121.0,5742.716,358.0,14.0,11.286,2908.107,1104.7319999999997,1036.456,64.613,2.5249999999999995,2.041,1.1970967741935485,35.900645161290335,5540718.0,42.8,40585.721,18.3,22.6,3.28,81.91,0.938,99.9252849951027
FIN,Finland,2020-11,24912.0,8799.0,8250.715,399.0,41.0,36.138,4496.168,1588.0610000000004,1489.1049999999996,72.012,7.396999999999999,6.52,1.1376666666666668,41.265000000000015,5540718.0,42.8,40585.721,18.3,22.6,3.28,81.91,0.938,100.224970879194
FIN,Finland,2020-12,36107.0,11195.0,11609.289,561.0,162.0,149.572,6516.664,2020.4960000000005,2095.2670000000003,101.25,29.235000000000003,26.996000000000006,0.9845161290322585,51.474516129032224,5540718.0,42.8,40585.721,18.3,22.6,3.28,81.91,0.938,100.544274356849
FIN,Finland,2021-01,45238.0,9131.0,8727.143,671.0,110.0,123.13799999999998,8164.646,1647.9830000000006,1575.0920000000003,121.103,19.851000000000006,22.224000000000004,1.0316129032258061,52.30999999999997,5540718.0,42.8,40585.721,18.3,22.6,3.28,81.91,0.938,100.865263225959
FRA,France,2020-05,190975.0,22114.0,22570.856,28805.0,4456.0,5381.858,2925.766,338.7900000000001,345.788,441.297,68.263,82.44800000000001,0.8303225806451612,80.07580645161288,65273512.0,42.0,38605.671,30.1,35.6,5.98,82.66,0.901,92.8224202034185
FRA,France,2020-06,204244.0,13269.0,15410.857,29846.0,1041.0,1124.7120000000002,3129.049,203.282,236.098,457.245,15.947000000000005,17.233,0.9516666666666668,66.20166666666665,65273512.0,42.0,38605.671,30.1,35.6,5.98,82.66,0.901,97.2903635389146
FRA,France,2020-07,227239.0,22995.0,20285.143,30268.0,422.0,443.7129999999999,3481.336,352.2890000000001,310.77400000000006,463.71,6.465999999999999,6.799000000000002,1.2106451612903226,48.090322580645136,65273512.0,42.0,38605.671,30.1,35.6,5.98,82.66,0.901,97.397771722663
FRA,France,2020-08,321160.0,93921.0,81689.14300000001,30646.0,378.0,367.7149999999999,4920.219,1438.8860000000002,1251.4879999999996,469.501,5.791,5.634,1.3980645161290324,47.37419354838712,65273512.0,42.0,38605.671,30.1,35.6,5.98,82.66,0.901,97.5503612502656
FRA,France,2020-09,605893.0,284733.0,269461.28300000005,31978.0,1332.0,1168.856,9282.372,4362.15,4128.188,489.908,20.404999999999998,17.908000000000005,1.2466666666666664,48.395,65273512.0,42.0,38605.671,30.1,35.6,5.98,82.66,0.901,97.6014863537368
FRA,France,2020-10,1414364.0,808471.0,711471.5719999999,36827.0,4849.0,4030.7109999999993,21668.269,12385.895000000002,10899.852,564.195,74.28599999999999,61.75,1.2616129032258063,50.1658064516129,65273512.0,42.0,38605.671,30.1,35.6,5.98,82.66,0.901,97.6551373293711
FRA,France,2020-11,2276874.0,862510.0,961500.9990000001,52819.0,15992.0,15849.145,34882.051,13213.786,14730.34,809.195,244.99999999999997,242.81,0.9093333333333334,78.33000000000001,65273512.0,42.0,38605.671,30.1,35.6,5.98,82.66,0.901,97.5888267404774
FRA,France,2020-12,2677666.0,400792.0,383230.8570000001,64759.0,11940.0,11900.141,41022.245,6140.191000000002,5871.157,992.118,182.924,182.313,0.9651612903225807,70.33967741935486,65273512.0,42.0,38605.671,30.1,35.6,5.98,82.66,0.901,97.6904981187731
FRA,France,2021-01,3255920.0,578254.0,557163.2880000001,76201.0,11442.0,11512.429,49881.183,8858.939000000002,8535.823999999999,1167.411,175.29299999999998,176.37199999999999,1.08258064516129,63.89000000000004,65273512.0,42.0,38605.671,30.1,35.6,5.98,82.66,0.901,97.7871896976128
DEU,Germany,2020-05,183410.0,20401.0,23220.14,8540.0,1917.0,2287.1440000000002,2189.083,243.495,277.144,101.929,22.877999999999993,27.29899999999999,0.7325806451612905,63.84193548387098,83783945.0,46.6,45229.245,28.2,33.1,8.0,81.33,0.947,93.4233669764113
DEU,Germany,2020-06,195418.0,12008.0,12121.141,8990.0,450.0,511.71500000000003,2332.404,143.32,144.673,107.3,5.366999999999999,6.108,0.9933333333333334,61.3276666666667,83783945.0,46.6,45229.245,28.2,33.1,8.0,81.33,0.947,98.0188230293784
DEU,Germany,2020-07,210399.0,14981.0,13765.0,9147.0,157.0,170.713,2511.209,178.80600000000004,164.289,109.174,1.8760000000000003,2.0399999999999996,1.0845161290322578,56.79387096774191,83783945.0,46.6,45229.245,28.2,33.1,8.0,81.33,0.947,99.1775512842472
DEU,Germany,2020-08,244802.0,34403.0,33426.854999999996,9303.0,156.0,159.713,2921.825,410.615,398.962,111.036,1.8650000000000007,1.9040000000000001,1.1729032258064513,57.92709677419358,83783945.0,46.6,45229.245,28.2,33.1,8.0,81.33,0.947,99.6411617814926
DEU,Germany,2020-09,292913.0,48111.0,45457.997,9495.0,192.0,172.57500000000002,3496.052,574.2249999999999,542.5629999999999,113.327,2.294,2.059,1.1293333333333335,50.49633333333331,83783945.0,46.6,45229.245,28.2,33.1,8.0,81.33,0.947,99.8146242287332
DEU,Germany,2020-10,531790.0,238877.0,195776.85599999994,10483.0,988.0,773.569,6347.159,2851.105,2336.6899999999996,125.119,11.791,9.232999999999999,1.4093548387096773,55.21483870967744,83783945.0,46.6,45229.245,28.2,33.1,8.0,81.33,0.947,99.9543701402906
DEU,Germany,2020-11,1069912.0,538122.0,544967.2839999999,16694.0,6211.0,5600.428,12769.893,6422.733000000002,6504.435000000001,199.251,74.13300000000001,66.846,1.129,64.0253333333333,83783945.0,46.6,45229.245,28.2,33.1,8.0,81.33,0.947,100.050841892041
DEU,Germany,2020-12,1760520.0,690608.0,658627.5719999999,33791.0,17097.0,15626.002,21012.618,8242.725000000002,7861.026000000002,403.311,204.06,186.504,1.0416129032258061,75.23903225806454,83783945.0,46.6,45229.245,28.2,33.1,8.0,81.33,0.947,100.128855488352
DEU,Germany,2021-01,2225659.0,465139.0,506694.714,57163.0,23372.0,23917.857,26564.266,5551.65,6047.635000000001,682.267,278.95500000000004,285.47399999999993,0.9103225806451614,83.5112903225806,83783945.0,46.6,45229.245,28.2,33.1,8.0,81.33,0.947,100.161730183385
GRC,Greece,2020-05,2917.0,326.0,363.4270000000002,175.0,35.0,38.714999999999996,279.86,31.278000000000002,34.86799999999998,16.79,3.3600000000000017,3.716000000000001,0.8467741935483871,70.75935483870968,10423056.0,45.3,24574.382,35.3,52.0,4.21,82.24,0.888,96.2758388137091
GRC,Greece,2020-06,3409.0,492.0,455.85799999999995,192.0,17.0,17.001000000000005,327.063,47.202000000000005,43.736,18.421,1.6320000000000003,1.6320000000000003,1.2026666666666666,48.148666666666664,10423056.0,45.3,24574.382,35.3,52.0,4.21,82.24,0.888,96.6602507866717
GRC,Greece,2020-07,4477.0,1068.0,937.7130000000001,206.0,14.0,11.86,429.529,102.46600000000001,89.963,19.764,1.344,1.142,1.25,52.93000000000002,10423056.0,45.3,24574.382,35.3,52.0,4.21,82.24,0.888,97.7684949465822
GRC,Greece,2020-08,10317.0,5840.0,5421.002,266.0,60.0,53.138999999999996,989.825,560.2969999999999,520.096,25.52,5.76,5.1000000000000005,1.3154838709677419,52.43677419354838,10423056.0,45.3,24574.382,35.3,52.0,4.21,82.24,0.888,97.8330634474665
GRC,Greece,2020-09,18475.0,8158.0,7784.427,391.0,125.0,122.856,1772.513,782.6859999999999,746.848,37.513,11.998000000000003,11.788000000000002,1.119,57.083000000000034,10423056.0,45.3,24574.382,35.3,52.0,4.21,82.24,0.888,97.8541603400728
GRC,Greece,2020-10,39251.0,20776.0,16966.998,626.0,235.0,222.858,3765.786,1993.275,1627.8339999999996,60.059,22.549,21.382,1.2741935483870968,56.434193548387114,10423056.0,45.3,24574.382,35.3,52.0,4.21,82.24,0.888,97.9012667093708
GRC,Greece,2020-11,105271.0,66020.0,66323.42800000001,2406.0,1780.0,1508.285,10099.821,6334.032999999999,6363.147000000001,230.834,170.77599999999998,144.70600000000002,1.1393333333333333,75.52233333333335,10423056.0,45.3,24574.382,35.3,52.0,4.21,82.24,0.888,97.9545862989848
GRC,Greece,2020-12,138850.0,33579.0,35649.57099999999,4838.0,2432.0,2560.5730000000003,13321.429,3221.608,3420.2649999999994,464.163,233.327,245.66400000000002,0.8325806451612904,83.54387096774198,10423056.0,45.3,24574.382,35.3,52.0,4.21,82.24,0.888,98.0681641713401
GRC,Greece,2021-01,156957.0,18107.0,18361.143,5796.0,958.0,1067.7150000000004,15058.635,1737.2070000000003,1761.5899999999997,556.075,91.91299999999998,102.437,0.9883870967741935,81.75354838709674,10423056.0,45.3,24574.382,35.3,52.0,4.21,82.24,0.888,98.2911428762548
HUN,Hungary,2020-05,3876.0,1101.0,1228.571,526.0,214.0,227.429,401.228,113.97,127.17500000000001,54.449,22.156000000000002,23.544999999999998,0.774838709677419,67.65516129032261,9660350.0,43.4,26777.561,26.8,34.8,7.02,76.88,0.854,91.7769578008594
HUN,Hungary,2020-06,4155.0,279.0,317.71299999999997,585.0,59.0,69.858,430.109,28.884000000000004,32.88900000000001,60.557,6.113999999999999,7.232000000000002,0.7153333333333334,58.703333333333376,9660350.0,43.4,26777.561,26.8,34.8,7.02,76.88,0.854,94.407762524306
HUN,Hungary,2020-07,4505.0,350.0,324.714,596.0,11.0,16.0,466.339,36.23199999999999,33.611999999999995,61.695,1.141,1.6589999999999991,1.1948387096774196,54.630000000000045,9660350.0,43.4,26777.561,26.8,34.8,7.02,76.88,0.854,95.039247696117
HUN,Hungary,2020-08,6139.0,1634.0,1134.999,615.0,19.0,18.141,635.484,169.14700000000002,117.48800000000001,63.662,1.9710000000000005,1.8800000000000001,1.5019354838709678,50.86354838709676,9660350.0,43.4,26777.561,26.8,34.8,7.02,76.88,0.854,95.3453758284041
HUN,Hungary,2020-09,26461.0,20322.0,18285.711,765.0,150.0,123.573,2739.135,2103.649,1892.8639999999998,79.19,15.532000000000002,12.794,1.52,43.826666666666675,9660350.0,43.4,26777.561,26.8,34.8,7.02,76.88,0.854,95.3659823315101
HUN,Hungary,2020-10,75321.0,48860.0,42583.426999999996,1750.0,985.0,847.0010000000001,7796.922,5057.788,4408.061000000001,181.153,101.963,87.67699999999999,1.2448387096774192,40.74,9660350.0,43.4,26777.561,26.8,34.8,7.02,76.88,0.854,95.4403640760062
HUN,Hungary,2020-11,217122.0,141801.0,132309.43000000002,4823.0,3073.0,2804.714,22475.583,14678.662,13696.130999999998,499.257,318.101,290.332,1.1786666666666668,66.17166666666668,9660350.0,43.4,26777.561,26.8,34.8,7.02,76.88,0.854,95.5571781531154
HUN,Hungary,2020-12,322514.0,105392.0,118638.71600000001,9537.0,4714.0,4789.144,33385.333,10909.75,12280.995,987.231,487.9749999999998,495.753,0.8309677419354838,72.22,9660350.0,43.4,26777.561,26.8,34.8,7.02,76.88,0.854,95.698995781884
HUN,Hungary,2021-01,367586.0,45072.0,46216.71299999999,12524.0,2987.0,3105.286,38051.002,4665.669,4784.165,1296.433,309.20300000000015,321.4460000000001,0.8793548387096773,72.22,9660350.0,43.4,26777.561,26.8,34.8,7.02,76.88,0.854,95.7867664226866
ISL,Iceland,2020-05,1806.0,9.0,11.863000000000001,10.0,0.0,0.0,5292.308,26.371,34.747000000000014,29.304,0.0,0.0,0.42451612903225816,48.05709677419353,341250.0,37.3,46482.958,14.3,15.2,2.91,82.99,0.949,93.4574202365612
ISL,Iceland,2020-06,1824.0,18.0,15.286,10.0,0.0,0.0,5345.055,52.74499999999999,44.796,29.304,0.0,0.0,0.8219999999999998,39.80999999999997,341250.0,37.3,46482.958,14.3,15.2,2.91,82.99,0.949,93.827215500478
ISL,Iceland,2020-07,1885.0,61.0,39.575,10.0,0.0,0.0,5523.81,178.753,115.959,29.304,0.0,0.0,1.1809677419354838,40.019354838709646,341250.0,37.3,46482.958,14.3,15.2,2.91,82.99,0.949,95.139148887877
ISL,Iceland,2020-08,2107.0,222.0,232.999,10.0,0.0,0.0,6174.359,650.5480000000001,682.782,29.304,0.0,0.0,1.1841935483870971,46.299999999999976,341250.0,37.3,46482.958,14.3,15.2,2.91,82.99,0.949,95.3824317401416
ISL,Iceland,2020-09,2728.0,621.0,533.285,10.0,0.0,0.0,7994.139,1819.7809999999995,1562.7430000000004,29.304,0.0,0.0,1.4686666666666668,39.628000000000014,341250.0,37.3,46482.958,14.3,15.2,2.91,82.99,0.949,94.6288189063074
ISL,Iceland,2020-10,4865.0,2137.0,2027.8569999999997,12.0,2.0,1.573,14256.41,6262.272999999999,5942.437999999999,35.165,5.86,4.608999999999999,1.1300000000000001,41.81580645161288,341250.0,37.3,46482.958,14.3,15.2,2.91,82.99,0.949,94.3955841968344
ISL,Iceland,2020-11,5392.0,527.0,692.1410000000001,26.0,14.0,14.429000000000006,15800.733,1544.3190000000002,2028.2569999999998,76.19,41.024,42.28399999999998,0.7586666666666664,52.77999999999998,341250.0,37.3,46482.958,14.3,15.2,2.91,82.99,0.949,94.3833249855427
ISL,Iceland,2020-12,5754.0,362.0,370.8570000000001,29.0,3.0,2.430999999999999,16861.538,1060.8039999999999,1086.761,84.982,8.790000000000001,7.122999999999997,0.9738709677419356,52.77999999999998,341250.0,37.3,46482.958,14.3,15.2,2.91,82.99,0.949,94.3784192990069
ISL,Iceland,2021-01,6002.0,248.0,281.4270000000001,29.0,0.0,0.572,17588.278,726.7379999999999,824.7020000000003,84.982,0.0,1.676,0.8538709677419357,46.86129032258068,341250.0,37.3,46482.958,14.3,15.2,2.91,82.99,0.949,94.3830308264235
IRL,Ireland,2020-05,24990.0,4378.0,5353.571,1652.0,420.0,513.144,5060.962,886.6309999999999,1084.2029999999997,334.562,85.05900000000001,103.92300000000002,0.5974193548387094,87.39354838709674,4937796.0,38.7,67335.293,23.0,25.7,2.96,82.3,0.955,93.9678562644154
IRL,Ireland,2020-06,25473.0,483.0,593.4280000000001,1736.0,84.0,97.712,5158.779,97.81599999999999,120.18199999999999,351.574,17.016,19.788000000000007,0.6263333333333332,68.14633333333337,4937796.0,38.7,67335.293,23.0,25.7,2.96,82.3,0.955,97.2948826075779
IRL,Ireland,2020-07,26065.0,592.0,511.287,1763.0,27.0,31.85300000000001,5278.671,119.892,103.545,357.042,5.4719999999999995,6.454999999999997,1.2293548387096773,38.89000000000001,4937796.0,38.7,67335.293,23.0,25.7,2.96,82.3,0.955,99.0393517615344
IRL,Ireland,2020-08,28811.0,2746.0,2611.571,1777.0,14.0,13.29,5834.789,556.117,528.895,359.877,2.837999999999999,2.6909999999999994,1.3499999999999999,60.03387096774192,4937796.0,38.7,67335.293,23.0,25.7,2.96,82.3,0.955,99.3509106708657
IRL,Ireland,2020-09,36155.0,7344.0,6463.567999999999,1804.0,27.0,23.999999999999996,7322.093,1487.3050000000003,1308.9989999999998,365.345,5.473,4.859999999999999,1.2786666666666668,63.91666666666666,4937796.0,38.7,67335.293,23.0,25.7,2.96,82.3,0.955,99.7255678347608
IRL,Ireland,2020-10,61456.0,25301.0,24439.57,1913.0,109.0,95.57,12446.039,5123.948,4949.488000000001,387.42,22.081000000000003,19.354999999999997,1.194516129032258,63.916129032258084,4937796.0,38.7,67335.293,23.0,25.7,2.96,82.3,0.955,100.064067012707
IRL,Ireland,2020-11,72544.0,11088.0,12261.284,2053.0,140.0,145.567,14691.575,2245.5359999999996,2483.1479999999997,415.773,28.358999999999995,29.483999999999988,0.8026666666666666,81.48,4937796.0,38.7,67335.293,23.0,25.7,2.96,82.3,0.955,100.33626492793
IRL,Ireland,2020-12,91779.0,19235.0,15836.144,2237.0,184.0,169.143,18587.038,3895.4620000000004,3207.128,453.036,37.267,34.25399999999999,1.3406451612903227,74.52129032258067,4937796.0,38.7,67335.293,23.0,25.7,2.96,82.3,0.955,100.638423099476
IRL,Ireland,2021-01,196547.0,104768.0,105064.71700000003,3307.0,1070.0,952.0010000000002,39804.601,21217.563000000002,21277.651999999995,669.732,216.697,192.797,1.1109677419354835,86.44096774193551,4937796.0,38.7,67335.293,23.0,25.7,2.96,82.3,0.955,100.939044599287
ITA,Italy,2020-05,232997.0,27534.0,32214.29,33415.0,5448.0,6149.716,3853.621,455.3969999999999,532.8049999999998,552.663,90.107,101.71199999999997,0.6712903225806452,66.57677419354843,60461828.0,47.9,35220.084,19.8,27.8,3.18,83.51,0.892,93.4596955735846
ITA,Italy,2020-06,240578.0,7581.0,8434.86,34767.0,1352.0,1566.43,3979.006,125.38499999999999,139.50600000000003,575.024,22.35899999999999,25.907999999999998,0.8423333333333333,52.038333333333306,60461828.0,47.9,35220.084,19.8,27.8,3.18,83.51,0.892,96.7004441126153
ITA,Italy,2020-07,247537.0,6959.0,6527.144,35141.0,374.0,407.28299999999996,4094.104,115.09500000000001,107.95799999999998,581.21,6.186000000000002,6.736999999999999,1.0277419354838708,55.973225806451616,60461828.0,47.9,35220.084,19.8,27.8,3.18,83.51,0.892,97.8871295474397
ITA,Italy,2020-08,269214.0,21677.0,18732.856,35483.0,342.0,346.43,4452.628,358.523,309.8299999999999,586.866,5.656,5.733000000000001,1.3374193548387094,52.09258064516131,60461828.0,47.9,35220.084,19.8,27.8,3.18,83.51,0.892,98.784907073885
ITA,Italy,2020-09,314861.0,45647.0,44344.431,35894.0,411.0,369.14300000000003,5207.6,754.9720000000001,733.4310000000002,593.664,6.796,6.1049999999999995,1.126333333333333,50.43100000000002,60461828.0,47.9,35220.084,19.8,27.8,3.18,83.51,0.892,99.1453647523644
ITA,Italy,2020-10,679430.0,364569.0,285578.002,38618.0,2724.0,2089.712,11237.338,6029.737,4723.273999999999,638.717,45.05199999999999,34.564,1.5729032258064513,55.88580645161292,60461828.0,47.9,35220.084,19.8,27.8,3.18,83.51,0.892,99.4203052843599
ITA,Italy,2020-11,1601554.0,922124.0,938348.2849999997,55576.0,16958.0,15602.998,26488.68,15251.342999999999,15519.680999999999,919.192,280.47299999999996,258.06499999999994,1.0686666666666667,77.09933333333339,60461828.0,47.9,35220.084,19.8,27.8,3.18,83.51,0.892,99.452323094354
ITA,Italy,2020-12,2107166.0,505612.0,527739.427,74159.0,18583.0,19051.715,34851.179,8362.499,8728.473999999998,1226.542,307.35,315.104,0.8767741935483869,80.46677419354845,60461828.0,47.9,35220.084,19.8,27.8,3.18,83.51,0.892,99.4982001639247
ITA,Italy,2021-01,2553032.0,445866.0,453205.57100000005,88516.0,14357.0,14737.144,42225.518,7374.337,7495.73,1463.998,237.45499999999998,243.74199999999996,0.9661290322580645,80.01612903225805,60461828.0,47.9,35220.084,19.8,27.8,3.18,83.51,0.892,99.5554805594682
JPN,Japan,2020-05,16751.0,2467.0,2999.8559999999998,898.0,417.0,461.1430000000001,132.444,19.506,23.719999999999995,7.1,3.2950000000000017,3.6460000000000004,0.5932258064516129,41.90451612903227,126476458.0,48.2,39002.223,11.2,33.7,13.05,84.63,0.919,97.8678011598446
JPN,Japan,2020-06,18615.0,1864.0,1664.4279999999999,972.0,74.0,92.286,147.182,14.736999999999998,13.159000000000002,7.685,0.589,0.7300000000000004,1.1783333333333335,27.77666666666665,126476458.0,48.2,39002.223,11.2,33.7,13.05,84.63,0.919,97.9916606025245
JPN,Japan,2020-07,36234.0,17619.0,14337.001,1008.0,36.0,30.427999999999997,286.488,139.306,113.35600000000002,7.97,0.28700000000000014,0.24300000000000016,1.5370967741935486,27.990322580645152,126476458.0,48.2,39002.223,11.2,33.7,13.05,84.63,0.919,98.5415849734566
JPN,Japan,2020-08,68396.0,32162.0,33753.712999999996,1298.0,290.0,255.142,540.78,254.29199999999994,266.878,10.263,2.294,2.019,0.9787096774193551,32.70838709677417,126476458.0,48.2,39002.223,11.2,33.7,13.05,84.63,0.919,99.0563511386608
JPN,Japan,2020-09,83591.0,15195.0,15714.856,1575.0,277.0,298.42999999999995,660.921,120.138,124.25199999999997,12.453,2.191,2.359,0.8920000000000001,33.058666666666674,126476458.0,48.2,39002.223,11.2,33.7,13.05,84.63,0.919,99.2623170078099
JPN,Japan,2020-10,101327.0,17736.0,16934.569,1769.0,194.0,183.285,801.153,140.232,133.893,13.987,1.5380000000000003,1.4480000000000002,1.0683870967741937,33.03774193548389,126476458.0,48.2,39002.223,11.2,33.7,13.05,84.63,0.919,99.4352578412873
JPN,Japan,2020-11,148962.0,47635.0,43626.571,2076.0,307.0,282.56899999999996,1177.784,376.631,344.942,16.414,2.427,2.237,1.274,36.66999999999999,126476458.0,48.2,39002.223,11.2,33.7,13.05,84.63,0.919,99.6134737804722
JPN,Japan,2020-12,235811.0,86849.0,82039.85800000001,3292.0,1216.0,1130.8560000000002,1864.466,686.682,648.659,26.029,9.613000000000001,8.939999999999998,1.1158064516129036,46.894516129032276,126476458.0,48.2,39002.223,11.2,33.7,13.05,84.63,0.919,99.7841681921438
JPN,Japan,2021-01,390166.0,154355.0,155351.85299999997,5753.0,2461.0,2336.2870000000003,3084.89,1220.4249999999997,1228.3039999999999,45.487,19.458999999999996,18.471999999999998,1.048709677419355,49.3606451612903,126476458.0,48.2,39002.223,11.2,33.7,13.05,84.63,0.919,99.879791790863
NLD,Netherlands,2020-05,46645.0,7133.0,7895.282999999999,5975.0,1164.0,1365.43,2722.226,416.2860000000001,460.77299999999997,348.704,67.932,79.687,0.7319354838709677,72.10387096774193,17134873.0,43.2,48472.545,24.4,27.3,3.32,82.28,0.944,95.2315990728603
NLD,Netherlands,2020-06,50483.0,3838.0,4131.142,6132.0,157.0,204.569,2946.214,223.986,241.09500000000006,357.867,9.162000000000003,11.937,0.8473333333333334,60.98666666666667,17134873.0,43.2,48472.545,24.4,27.3,3.32,82.28,0.944,97.240866930713
NLD,Netherlands,2020-07,54590.0,4107.0,3452.4280000000003,6166.0,34.0,42.287,3185.9,239.68400000000005,201.487,359.851,1.9820000000000004,2.468,1.2222580645161292,39.80999999999997,17134873.0,43.2,48472.545,24.4,27.3,3.32,82.28,0.944,98.4783021039818
NLD,Netherlands,2020-08,73232.0,18642.0,17796.857,6252.0,86.0,80.287,4273.857,1087.958,1038.633,364.87,5.018,4.680999999999999,1.2483870967741935,44.831935483870964,17134873.0,43.2,48472.545,24.4,27.3,3.32,82.28,0.944,98.6856176042892
NLD,Netherlands,2020-09,125988.0,52756.0,45172.285,6457.0,205.0,169.143,7352.724,3078.869,2636.2809999999995,376.834,11.963000000000001,9.869,1.3406666666666665,50.83666666666667,17134873.0,43.2,48472.545,24.4,27.3,3.32,82.28,0.944,98.7663936107148
NLD,Netherlands,2020-10,357640.0,231652.0,210710.86,7459.0,1002.0,856.2840000000001,20872.054,13519.331,12297.193,435.311,58.476,49.97200000000001,1.2716129032258066,62.03999999999998,17134873.0,43.2,48472.545,24.4,27.3,3.32,82.28,0.944,98.865478449442
NLD,Netherlands,2020-11,531930.0,174290.0,189335.00300000003,9453.0,1994.0,2040.285,31043.708,10171.658,11049.687000000002,551.682,116.37299999999998,119.07600000000001,0.9016666666666666,62.592000000000006,17134873.0,43.2,48472.545,24.4,27.3,3.32,82.28,0.944,99.1448404547569
NLD,Netherlands,2020-12,808382.0,276452.0,264897.427,11525.0,2072.0,1909.7109999999998,47177.589,16133.881000000005,15459.550999999998,672.605,120.91999999999999,111.45299999999997,1.1219354838709679,68.42645161290325,17134873.0,43.2,48472.545,24.4,27.3,3.32,82.28,0.944,99.5018129254568
NLD,Netherlands,2021-01,992075.0,183693.0,197730.71499999997,14108.0,2583.0,2690.4259999999995,57898.007,10720.415999999997,11539.664999999999,823.35,150.746,157.01699999999997,0.8548387096774195,79.77709677419355,17134873.0,43.2,48472.545,24.4,27.3,3.32,82.28,0.944,99.8089168919746
NOR,Norway,2020-05,8440.0,702.0,808.8540000000003,236.0,26.0,31.433,1556.839,129.49099999999996,149.202,43.532,4.790000000000001,5.798999999999998,0.7116129032258065,61.85516129032255,5421242.0,39.7,64800.057,19.6,20.7,3.6,82.4,0.957,97.0387941336387
NOR,Norway,2020-06,8879.0,439.0,427.431,250.0,14.0,13.572999999999999,1637.817,80.97399999999998,78.84499999999998,46.115,2.579,2.5049999999999994,0.98,42.531,5421242.0,39.7,64800.057,19.6,20.7,3.6,82.4,0.957,97.9368745725993
NOR,Norway,2020-07,9240.0,361.0,325.7130000000001,255.0,5.0,5.862999999999999,1704.406,66.592,60.081999999999994,47.037,0.9199999999999999,1.082,1.1196774193548389,40.74,5421242.0,39.7,64800.057,19.6,20.7,3.6,82.4,0.957,98.5336805394686
NOR,Norway,2020-08,10782.0,1542.0,1426.8590000000002,264.0,9.0,9.002,1988.843,284.434,263.19699999999995,48.697,1.6589999999999998,1.6579999999999997,1.3093548387096776,39.753548387096785,5421242.0,39.7,64800.057,19.6,20.7,3.6,82.4,0.957,99.0836661138186
NOR,Norway,2020-09,14027.0,3245.0,3126.857,274.0,10.0,7.718,2587.414,598.572,576.7790000000001,50.542,1.843,1.4199999999999997,1.1600000000000001,36.11,5421242.0,39.7,64800.057,19.6,20.7,3.6,82.4,0.957,99.2999041171951
NOR,Norway,2020-10,20331.0,6304.0,5419.572,282.0,8.0,8.718999999999998,3750.248,1162.8359999999998,999.6920000000001,52.018,1.4719999999999998,1.605,1.238064516129032,34.56032258064514,5421242.0,39.7,64800.057,19.6,20.7,3.6,82.4,0.957,99.7123486003686
NOR,Norway,2020-11,36150.0,15819.0,15929.572,332.0,50.0,42.72,6668.214,2917.9680000000008,2938.3640000000005,61.241,9.222,7.879,1.127333333333333,53.828666666666656,5421242.0,39.7,64800.057,19.6,20.7,3.6,82.4,0.957,100.067632164389
NOR,Norway,2020-12,49567.0,13417.0,12710.714,436.0,104.0,105.00200000000001,9143.108,2474.893,2344.6150000000002,80.424,19.182999999999996,19.368000000000002,1.016774193548387,56.01999999999999,5421242.0,39.7,64800.057,19.6,20.7,3.6,82.4,0.957,100.330845468188
NOR,Norway,2021-01,62966.0,13399.0,14436.43,564.0,128.0,129.43,11614.682,2471.5749999999994,2662.937,104.035,23.61,23.874,0.9232258064516127,64.83032258064517,5421242.0,39.7,64800.057,19.6,20.7,3.6,82.4,0.957,100.453076926197
POL,Poland,2020-05,23786.0,10909.0,10870.857,1064.0,420.0,470.572,628.484,288.244,287.234,28.113,11.094999999999999,12.433000000000002,1.0238709677419355,81.53838709677419,37846605.0,41.8,27216.445,23.3,33.1,6.62,78.73,0.88,93.7253066984255
POL,Poland,2020-06,34393.0,10607.0,10855.431,1463.0,399.0,391.99800000000005,908.747,280.26300000000003,286.827,38.656,10.545000000000002,10.357000000000001,0.9676666666666666,52.593000000000025,37846605.0,41.8,27216.445,23.3,33.1,6.62,78.73,0.88,94.994337883982
POL,Poland,2020-07,45688.0,11295.0,10375.002,1716.0,253.0,256.428,1207.189,298.444,274.13399999999996,45.341,6.687999999999999,6.776000000000001,1.0951612903225805,42.67967741935481,37846605.0,41.8,27216.445,23.3,33.1,6.62,78.73,0.88,96.8136085286505
POL,Poland,2020-08,67372.0,21684.0,21342.427,2039.0,323.0,327.28400000000005,1780.133,572.9449999999999,563.918,53.875,8.533000000000001,8.645,1.087741935483871,39.80999999999997,37846605.0,41.8,27216.445,23.3,33.1,6.62,78.73,0.88,98.3534784051264
POL,Poland,2020-09,91514.0,24142.0,21871.714,2513.0,474.0,422.4280000000001,2418.024,637.8910000000001,577.904,66.4,12.524000000000001,11.161,1.1596666666666664,30.493999999999993,37846605.0,41.8,27216.445,23.3,33.1,6.62,78.73,0.88,99.3067838790237
POL,Poland,2020-10,362731.0,271217.0,215576.85600000003,5631.0,3118.0,2493.7139999999995,9584.241,7166.2159999999985,5696.0650000000005,148.785,82.386,65.889,1.5609677419354835,41.20548387096774,37846605.0,41.8,27216.445,23.3,33.1,6.62,78.73,0.88,99.3617683396048
POL,Poland,2020-11,990811.0,628080.0,651832.859,17150.0,11519.0,11060.86,26179.653,16595.412999999997,17223.022,453.145,304.3599999999999,292.255,1.0563333333333333,74.26,37846605.0,41.8,27216.445,23.3,33.1,6.62,78.73,0.88,99.558186756111
POL,Poland,2020-12,1294878.0,304067.0,312039.428,28554.0,11404.0,11486.145,34213.848,8034.197999999999,8244.847999999998,754.467,301.322,303.4910000000001,0.8632258064516127,75.17935483870967,37846605.0,41.8,27216.445,23.3,33.1,6.62,78.73,0.88,99.7209570397277
POL,Poland,2021-01,1513385.0,218507.0,229302.287,37180.0,8626.0,8894.286,39987.338,5773.490999999999,6058.727999999999,982.387,227.921,235.009,0.9154838709677419,73.5083870967742,37846605.0,41.8,27216.445,23.3,33.1,6.62,78.73,0.88,99.7283296044236
PRT,Portugal,2020-05,32500.0,7455.0,7625.711,1410.0,421.0,444.42999999999995,3187.304,731.121,747.858,138.28,41.287999999999975,43.586000000000006,0.9370967741935485,74.58322580645162,10196707.0,46.2,27936.896,16.3,30.0,3.39,82.05,0.864,90.0955598532922
PRT,Portugal,2020-06,42141.0,9641.0,9563.003,1576.0,166.0,190.0,4132.805,945.5019999999997,937.85,154.56,16.275,18.630000000000003,1.0626666666666666,70.60500000000002,10196707.0,46.2,27936.896,16.3,30.0,3.39,82.05,0.864,94.2008833961846
PRT,Portugal,2020-07,51072.0,8931.0,9301.142,1735.0,159.0,163.573,5008.676,875.8699999999999,912.169,170.153,15.589999999999998,16.035,0.9177419354838707,72.00032258064515,10196707.0,46.2,27936.896,16.3,30.0,3.39,82.05,0.864,95.2307183700387
PRT,Portugal,2020-08,58012.0,6940.0,6540.002,1822.0,87.0,90.571,5689.288,680.6150000000001,641.3840000000002,178.685,8.526000000000002,8.875999999999998,1.0632258064516127,71.76129032258062,10196707.0,46.2,27936.896,16.3,30.0,3.39,82.05,0.864,95.9101220164301
PRT,Portugal,2020-09,75542.0,17530.0,16411.574,1971.0,149.0,137.144,7408.47,1719.1829999999998,1609.4960000000003,193.298,14.608000000000002,13.442,1.2276666666666667,66.0816666666667,10196707.0,46.2,27936.896,16.3,30.0,3.39,82.05,0.864,96.533037856006
PRT,Portugal,2020-10,141279.0,65737.0,55681.14400000001,2507.0,536.0,453.28600000000006,13855.355,6446.888000000002,5460.697999999999,245.864,52.56400000000001,44.455999999999996,1.343225806451613,68.0274193548387,10196707.0,46.2,27936.896,16.3,30.0,3.39,82.05,0.864,96.7956326000593
PRT,Portugal,2020-11,298061.0,156782.0,155531.43,4505.0,1998.0,1876.429,29231.104,15375.750999999998,15253.105999999998,441.809,195.94500000000002,184.02,1.116666666666667,73.04133333333334,10196707.0,46.2,27936.896,16.3,30.0,3.39,82.05,0.864,96.8097407336098
PRT,Portugal,2020-12,413678.0,115617.0,114745.429,6906.0,2401.0,2407.7170000000006,40569.764,11338.660999999998,11253.185,677.277,235.46800000000002,236.124,0.9735483870967742,76.25741935483872,10196707.0,46.2,27936.896,16.3,30.0,3.39,82.05,0.864,96.9422000827554
PRT,Portugal,2021-01,720516.0,306838.0,283670.56999999995,12482.0,5576.0,4910.855,70661.636,30091.873000000003,27819.821999999996,1224.121,546.843,481.611,1.2161290322580645,76.64483870967743,10196707.0,46.2,27936.896,16.3,30.0,3.39,82.05,0.864,97.0553843555624
SVK,Slovakia,2020-05,1521.0,125.0,136.715,28.0,5.0,8.718,278.59,22.892999999999997,25.039,5.129,0.915,1.5910000000000004,0.7141935483870967,73.15000000000005,5459643.0,41.2,30155.152,23.1,37.7,5.82,77.54,0.86,90.7238302067893
SVK,Slovakia,2020-06,1667.0,146.0,130.286,28.0,0.0,0.0,305.331,26.737000000000002,23.862000000000002,5.129,0.0,0.0,1.199,44.380666666666684,5459643.0,41.2,30155.152,23.1,37.7,5.82,77.54,0.86,94.1728040376793
SVK,Slovakia,2020-07,2292.0,625.0,567.7130000000002,29.0,1.0,0.143,419.808,114.47499999999997,103.984,5.312,0.183,0.026,1.3038709677419362,37.51322580645163,5459643.0,41.2,30155.152,23.1,37.7,5.82,77.54,0.86,94.5749663212549
SVK,Slovakia,2020-08,3917.0,1625.0,1495.713,33.0,4.0,4.861999999999998,717.446,297.63999999999993,273.95799999999997,6.044,0.732,0.8840000000000003,1.3032258064516127,33.75516129032256,5459643.0,41.2,30155.152,23.1,37.7,5.82,77.54,0.86,95.696515738664
SVK,Slovakia,2020-09,10141.0,6224.0,5205.143,48.0,15.0,10.855999999999996,1857.447,1140.0030000000002,953.3870000000001,8.792,2.746,1.9880000000000004,1.384666666666667,30.44566666666668,5459643.0,41.2,30155.152,23.1,37.7,5.82,77.54,0.86,95.7047532542938
SVK,Slovakia,2020-10,57664.0,47523.0,40866.714,219.0,171.0,144.001,10561.863,8704.414,7485.237000000001,40.113,31.322000000000003,26.372,1.3548387096774193,57.04774193548391,5459643.0,41.2,30155.152,23.1,37.7,5.82,77.54,0.86,95.7042181257484
SVK,Slovakia,2020-11,105929.0,48265.0,52710.57300000001,839.0,620.0,585.5699999999999,19402.184,8840.324,9654.581,153.673,113.56299999999999,107.253,1.0480000000000003,71.29500000000003,5459643.0,41.2,30155.152,23.1,37.7,5.82,77.54,0.86,95.6887756834186
SVK,Slovakia,2020-12,179543.0,73614.0,67625.144,2138.0,1299.0,1126.855,32885.484,13483.300000000001,12386.366999999997,391.601,237.925,206.39799999999997,1.0987096774193548,62.63129032258061,5459643.0,41.2,30155.152,23.1,37.7,5.82,77.54,0.86,95.6816887854398
SVK,Slovakia,2021-01,249913.0,70370.0,73392.00099999999,4642.0,2504.0,2500.0,45774.605,12889.122999999998,13442.635,850.239,458.63700000000006,457.90400000000005,0.9941935483870968,70.34096774193551,5459643.0,41.2,30155.152,23.1,37.7,5.82,77.54,0.86,95.658270081537
SVN,Slovenia,2020-05,1473.0,44.0,69.57300000000001,108.0,17.0,23.28900000000001,708.537,21.16400000000001,33.466,51.95,8.177,11.198000000000002,0.5887096774193549,57.886774193548426,2078932.0,44.5,31400.84,20.1,25.0,4.5,81.32,0.917,89.0386707427805
SVN,Slovenia,2020-06,1600.0,127.0,97.56800000000001,111.0,3.0,2.002,769.626,61.087,46.93300000000001,53.393,1.443,0.9620000000000001,1.5266666666666666,39.8563333333333,2078932.0,44.5,31400.84,20.1,25.0,4.5,81.32,0.917,89.9729406473558
SVN,Slovenia,2020-07,2156.0,556.0,537.4319999999998,119.0,8.0,7.000999999999998,1037.071,267.43700000000007,258.51099999999997,57.241,3.848,3.3649999999999993,1.2106451612903228,43.75451612903225,2078932.0,44.5,31400.84,20.1,25.0,4.5,81.32,0.917,92.1383712487063
SVN,Slovenia,2020-08,2883.0,727.0,685.1410000000002,133.0,14.0,16.142,1386.77,349.7,329.56299999999993,63.975,6.733999999999999,7.7630000000000035,1.1996774193548387,50.0,2078932.0,44.5,31400.84,20.1,25.0,4.5,81.32,0.917,95.2398225169112
SVN,Slovenia,2020-09,5690.0,2807.0,2483.853,150.0,17.0,14.287,2736.982,1350.215,1194.7769999999998,72.152,8.177,6.873,1.3549999999999998,50.0,2078932.0,44.5,31400.84,20.1,25.0,4.5,81.32,0.917,97.4407594574761
SVN,Slovenia,2020-10,34307.0,28617.0,23061.998000000003,338.0,188.0,135.287,16502.223,13765.241000000002,11093.194,162.583,90.42800000000001,65.074,1.5161290322580643,54.92548387096774,2078932.0,44.5,31400.84,20.1,25.0,4.5,81.32,0.917,97.8572756987828
SVN,Slovenia,2020-11,75814.0,41507.0,43888.854999999996,1435.0,1097.0,1010.0,36467.763,19965.541999999994,21111.254,690.258,527.6770000000001,485.82500000000005,1.060666666666667,68.52,2078932.0,44.5,31400.84,20.1,25.0,4.5,81.32,0.917,98.388801274919
SVN,Slovenia,2020-12,122152.0,46338.0,44534.85900000002,2697.0,1262.0,1306.2880000000002,58757.093,22289.329,21421.991,1297.301,607.0469999999999,628.347,1.0203225806451615,68.52,2078932.0,44.5,31400.84,20.1,25.0,4.5,81.32,0.917,98.6408231594292
SVN,Slovenia,2021-01,166473.0,44321.0,46057.143,3503.0,806.0,846.7159999999998,80076.212,21319.121000000006,22154.233999999997,1685.0,387.693,407.28499999999997,0.9767741935483872,71.0264516129032,2078932.0,44.5,31400.84,20.1,25.0,4.5,81.32,0.917,98.7700325273862
KOR,South Korea,2020-05,11503.0,729.0,630.2879999999999,271.0,23.0,25.138,224.365,14.223999999999998,12.296,5.286,0.453,0.49000000000000027,1.2477419354838712,43.56258064516126,51269183.0,43.4,35938.374,6.2,40.9,12.27,83.03,0.916,99.149217243338
KOR,South Korea,2020-06,12850.0,1347.0,1327.431,282.0,11.0,12.574,250.638,26.273999999999997,25.892,5.5,0.21899999999999997,0.24400000000000008,1.0743333333333331,53.671666666666674,51269183.0,43.4,35938.374,6.2,40.9,12.27,83.03,0.916,99.332937930888
KOR,South Korea,2020-07,14336.0,1486.0,1535.57,301.0,19.0,17.856999999999992,279.622,28.986,29.951000000000008,5.871,0.3770000000000001,0.3480000000000001,0.9861290322580645,47.20806451612904,51269183.0,43.4,35938.374,6.2,40.9,12.27,83.03,0.916,99.6136334774374
KOR,South Korea,2020-08,20182.0,5846.0,5083.856,324.0,23.0,19.142999999999997,393.648,114.025,99.16,6.32,0.454,0.375,1.4903225806451614,47.774516129032264,51269183.0,43.4,35938.374,6.2,40.9,12.27,83.03,0.916,99.9613040160015
KOR,South Korea,2020-09,23889.0,3707.0,4338.141,415.0,91.0,86.14099999999999,465.952,72.30599999999997,84.614,8.095,1.7819999999999998,1.6799999999999995,0.7386666666666667,51.03200000000001,51269183.0,43.4,35938.374,6.2,40.9,12.27,83.03,0.916,100.345676776515
KOR,South Korea,2020-10,26635.0,2746.0,2614.715,466.0,51.0,56.71099999999999,519.513,53.56,51.000000000000014,9.089,1.003,1.1050000000000004,1.040322580645161,52.55322580645163,51269183.0,43.4,35938.374,6.2,40.9,12.27,83.03,0.916,100.731185183653
KOR,South Korea,2020-11,34652.0,8017.0,7006.571999999999,526.0,60.0,58.284000000000006,675.884,156.37099999999998,136.663,10.26,1.1770000000000003,1.1340000000000003,1.3283333333333331,45.15100000000003,51269183.0,43.4,35938.374,6.2,40.9,12.27,83.03,0.916,101.103633453987
KOR,South Korea,2020-12,61769.0,27117.0,25495.57,917.0,391.0,333.43000000000006,1204.798,528.9169999999999,497.28699999999986,17.886,7.632,6.502999999999999,1.2051612903225806,58.37548387096776,51269183.0,43.4,35938.374,6.2,40.9,12.27,83.03,0.916,101.460608584594
KOR,South Korea,2021-01,78508.0,16739.0,18532.429,1425.0,508.0,545.43,1531.29,326.49399999999997,361.47499999999997,27.794,9.916,10.636,0.8196774193548386,64.56129032258069,51269183.0,43.4,35938.374,6.2,40.9,12.27,83.03,0.916,101.823206896272
ESP,Spain,2020-05,239479.0,26044.0,28567.999,27127.0,2584.0,3540.4269999999988,5122.021,557.0350000000001,611.0160000000001,580.197,55.26899999999999,75.71999999999998,0.7945161290322577,78.58387096774194,46754783.0,45.5,34272.36,27.4,31.4,2.97,83.56,0.904,92.7962393488619
ESP,Spain,2020-06,249271.0,9792.0,10694.572,28355.0,1228.0,1260.002,5331.455,209.43499999999995,228.73800000000006,606.462,26.261999999999997,26.947999999999997,0.9769999999999999,54.167333333333346,46754783.0,45.5,34272.36,27.4,31.4,2.97,83.56,0.904,95.9330477239256
ESP,Spain,2020-07,288522.0,39251.0,31838.57,28445.0,90.0,97.571,6170.962,839.508,680.9680000000001,608.387,1.9279999999999997,2.09,1.4477419354838708,59.48032258064514,46754783.0,45.5,34272.36,27.4,31.4,2.97,83.56,0.904,95.9237448646824
ESP,Spain,2020-08,462858.0,174336.0,154542.574,29094.0,649.0,565.0,9899.693,3728.7299999999996,3305.3860000000004,622.268,13.878,12.084,1.4080645161290324,62.79838709677419,46754783.0,45.5,34272.36,27.4,31.4,2.97,83.56,0.904,95.7550313848673
ESP,Spain,2020-09,769188.0,306330.0,296678.141,31791.0,2697.0,2344.144,16451.536,6551.843000000001,6345.4079999999985,679.952,57.685,50.13600000000002,1.2133333333333334,61.02000000000003,46754783.0,45.5,34272.36,27.4,31.4,2.97,83.56,0.904,95.5813310844154
ESP,Spain,2020-10,1185678.0,416490.0,401394.2829999999,35878.0,4087.0,4073.571,25359.502,8907.964,8585.093,767.365,87.41499999999999,87.12599999999999,1.1780645161290324,64.66612903225804,46754783.0,45.5,34272.36,27.4,31.4,2.97,83.56,0.904,95.5248548886199
ESP,Spain,2020-11,1648187.0,462509.0,488706.2860000001,45069.0,9191.0,9029.999,35251.73,9892.228,10452.540999999997,963.944,196.57899999999998,193.13599999999997,1.0156666666666667,71.29999999999998,46754783.0,45.5,34272.36,27.4,31.4,2.97,83.56,0.904,95.4744468380686
ESP,Spain,2020-12,1928265.0,280078.0,260882.142,50837.0,5768.0,5772.858,41242.091,5990.36,5579.799999999999,1087.311,123.36899999999999,123.46799999999998,1.0912903225806452,73.44838709677417,46754783.0,45.5,34272.36,27.4,31.4,2.97,83.56,0.904,95.4878355706866
ESP,Spain,2021-01,2743119.0,814854.0,807344.0050000002,58319.0,7482.0,7356.285000000001,58670.34,17428.248000000003,17267.625,1247.338,160.02700000000002,157.339,1.2422580645161294,72.7322580645161,46754783.0,45.5,34272.36,27.4,31.4,2.97,83.56,0.904,95.5284556467372
SWE,Sweden,2020-05,38661.0,17060.0,17348.57,4395.0,1809.0,1937.8549999999998,3828.098,1689.23,1717.8029999999999,435.18,179.12300000000002,191.88199999999995,1.1696774193548385,64.80999999999996,10099270.0,41.0,46949.283,18.8,18.9,2.22,82.8,0.945,95.5614183480655
SWE,Sweden,2020-06,67924.0,29263.0,28605.573,5333.0,938.0,1016.0010000000001,6725.635,2897.5389999999993,2832.4430000000007,528.058,92.87599999999999,100.60199999999998,1.1333333333333333,61.47999999999999,10099270.0,41.0,46949.283,18.8,18.9,2.22,82.8,0.945,96.9362043078854
SWE,Sweden,2020-07,77076.0,9152.0,10697.286,5743.0,410.0,444.7160000000001,7631.839,906.2020000000002,1059.2089999999998,568.655,40.592999999999996,44.032000000000004,1.1048387096774193,59.26,10099270.0,41.0,46949.283,18.8,18.9,2.22,82.8,0.945,97.8776149098057
SWE,Sweden,2020-08,84379.0,7303.0,7625.143,5821.0,78.0,104.283,8354.96,723.1199999999999,755.0189999999998,576.378,7.721999999999999,10.328000000000005,1.1535483870967742,57.46967741935482,10099270.0,41.0,46949.283,18.8,18.9,2.22,82.8,0.945,98.3427807193682
SWE,Sweden,2020-09,92863.0,8484.0,7385.286,5893.0,72.0,62.28300000000001,9195.021,840.058,731.269,583.508,7.128000000000001,6.169,1.2413333333333336,55.55999999999997,10099270.0,41.0,46949.283,18.8,18.9,2.22,82.8,0.945,98.8399074646568
SWE,Sweden,2020-10,124355.0,31492.0,26493.29,5938.0,45.0,52.14399999999999,12313.266,3118.2480000000005,2623.2839999999987,587.963,4.455,5.160999999999999,1.3099999999999996,55.55999999999997,10099270.0,41.0,46949.283,18.8,18.9,2.22,82.8,0.945,99.1443873548156
SWE,Sweden,2020-11,243129.0,118774.0,120026.003,6681.0,743.0,681.5720000000003,24073.918,11760.653000000002,11884.620999999996,661.533,73.56999999999998,67.488,1.3103333333333331,59.01099999999998,10099270.0,41.0,46949.283,18.8,18.9,2.22,82.8,0.945,99.3914411754578
SWE,Sweden,2020-12,437379.0,194250.0,174648.286,8727.0,2046.0,1791.7160000000003,43307.982,19234.064000000002,17293.157999999996,864.122,202.59099999999995,177.41399999999996,1.265483870967742,67.91838709677421,10099270.0,41.0,46949.283,18.8,18.9,2.22,82.8,0.945,99.6292898073092
SWE,Sweden,2021-01,566957.0,129578.0,148838.85899999997,11591.0,2864.0,3017.2859999999996,56138.414,12830.433,14737.588000000003,1147.707,283.58399999999995,298.7619999999999,1.2245161290322581,69.44000000000004,10099270.0,41.0,46949.283,18.8,18.9,2.22,82.8,0.945,99.8648236129347
CHE,Switzerland,2020-05,30862.0,1276.0,1651.5720000000001,1920.0,183.0,258.14099999999996,3565.958,147.43300000000005,190.83100000000005,221.847,21.147000000000006,29.828000000000007,0.6029032258064516,61.73516129032256,8654618.0,43.1,57410.166,22.6,28.9,4.53,83.78,0.955,93.0375197229761
CHE,Switzerland,2020-06,31714.0,852.0,744.855,1963.0,43.0,43.573,3664.402,98.448,86.06299999999999,226.815,4.97,5.038000000000002,1.1353333333333329,44.51033333333333,8654618.0,43.1,57410.166,22.6,28.9,4.53,83.78,0.955,97.3341379284164
CHE,Switzerland,2020-07,35232.0,3518.0,3146.8590000000004,1981.0,18.0,17.575999999999997,4070.89,406.48699999999997,363.607,228.895,2.0830000000000006,2.0400000000000005,1.2448387096774196,39.20129032258065,8654618.0,43.1,57410.166,22.6,28.9,4.53,83.78,0.955,99.4520309045538
CHE,Switzerland,2020-08,42177.0,6945.0,6616.5740000000005,2006.0,25.0,25.425999999999995,4873.352,802.462,764.5130000000003,231.784,2.8940000000000006,2.9470000000000005,1.1835483870967745,43.05999999999997,8654618.0,43.1,57410.166,22.6,28.9,4.53,83.78,0.955,100.328623922693
CHE,Switzerland,2020-09,53282.0,11105.0,10958.715,2074.0,68.0,61.857,6156.482,1283.1310000000003,1266.228,239.641,7.861,7.1530000000000005,1.1966666666666665,43.05999999999997,8654618.0,43.1,57410.166,22.6,28.9,4.53,83.78,0.955,100.57389545914
CHE,Switzerland,2020-10,154251.0,100969.0,82158.42799999999,2297.0,223.0,115.998,17822.97,11666.489000000001,9493.015,265.407,25.77,13.403999999999998,1.6725806451612901,33.184516129032254,8654618.0,43.1,57410.166,22.6,28.9,4.53,83.78,0.955,100.718130638456
CHE,Switzerland,2020-11,327072.0,172821.0,181284.286,4815.0,2518.0,2370.5699999999997,37791.616,19968.643999999997,20946.533999999996,556.35,290.947,273.90700000000004,1.0916666666666666,58.05700000000002,8654618.0,43.1,57410.166,22.6,28.9,4.53,83.78,0.955,100.782701705619
CHE,Switzerland,2020-12,452296.0,125224.0,122224.99999999994,7645.0,2830.0,2827.0020000000004,52260.654,14469.038,14122.516999999998,883.343,326.99299999999994,326.647,1.0106451612903224,59.2035483870968,8654618.0,43.1,57410.166,22.6,28.9,4.53,83.78,0.955,100.815944755332
CHE,Switzerland,2021-01,521320.0,69024.0,80656.28199999996,9381.0,1736.0,1909.57,60236.05,7975.394999999999,9319.449000000002,1083.93,200.58999999999997,220.64299999999994,0.9067741935483871,60.19000000000004,8654618.0,43.1,57410.166,22.6,28.9,4.53,83.78,0.955,100.807082450752
GBR,United Kingdom,2020-05,257539.0,78768.0,89095.432,37527.0,10773.0,12178.427,3793.698,1160.2999999999997,1312.4270000000001,552.794,158.69300000000004,179.39399999999998,0.7848387096774193,74.22516129032256,67886004.0,40.8,39753.244,20.0,24.7,2.54,81.32,0.932,88.9394828690668
GBR,United Kingdom,2020-06,285216.0,27677.0,30168.859,40479.0,2952.0,3424.001,4201.396,407.699,444.4049999999999,596.279,43.484,50.43799999999999,0.7819999999999998,70.86599999999999,67886004.0,40.8,39753.244,20.0,24.7,2.54,81.32,0.932,94.1891130599548
GBR,United Kingdom,2020-07,304793.0,19577.0,18791.714,41274.0,795.0,879.7169999999999,4489.777,288.381,276.811,607.99,11.711000000000002,12.959999999999997,1.0283870967741935,65.38129032258061,67886004.0,40.8,39753.244,20.0,24.7,2.54,81.32,0.932,98.6076923005607
GBR,United Kingdom,2020-08,338083.0,33290.0,31392.143,41589.0,315.0,342.712,4980.158,490.38199999999983,462.4250000000001,612.63,4.638999999999999,5.046000000000001,1.1277419354838707,67.63612903225807,67886004.0,40.8,39753.244,20.0,24.7,2.54,81.32,0.932,99.6987673434188
GBR,United Kingdom,2020-09,455848.0,117765.0,103340.28400000001,42233.0,644.0,522.0,6714.904,1734.7469999999996,1522.261,622.116,9.486,7.690000000000001,1.3559999999999997,65.56933333333332,67886004.0,40.8,39753.244,20.0,24.7,2.54,81.32,0.932,99.3593063557453
GBR,United Kingdom,2020-10,1014795.0,558947.0,508086.717,46645.0,4412.0,3666.4249999999993,14948.516,8233.611,7484.412,687.108,64.991,54.01,1.3267741935483872,67.89129032258066,67886004.0,40.8,39753.244,20.0,24.7,2.54,81.32,0.932,99.0640040343535
GBR,United Kingdom,2020-11,1633736.0,618941.0,646086.141,58545.0,11900.0,11721.718,24065.874,9117.361,9517.222,862.402,175.292,172.66699999999997,0.9420000000000002,70.64699999999996,67886004.0,40.8,39753.244,20.0,24.7,2.54,81.32,0.932,98.8318609665106
GBR,United Kingdom,2020-12,2496235.0,862499.0,758522.8560000001,73622.0,15077.0,14070.141,36770.982,12705.107,11173.481999999998,1084.495,222.09199999999998,207.25900000000001,1.2067741935483869,70.38548387096776,67886004.0,40.8,39753.244,20.0,24.7,2.54,81.32,0.932,98.8812002709221
GBR,United Kingdom,2021-01,3828187.0,1331952.0,1404318.428,106367.0,32745.0,31480.138,56391.403,19620.42,20686.422,1566.847,482.352,463.72,0.9338709677419355,84.9158064516129,67886004.0,40.8,39753.244,20.0,24.7,2.54,81.32,0.932,98.8393402761602
USA,United States,2020-05,1798713.0,717694.0,732927.5699999998,108085.0,41735.0,45016.28499999999,5434.135,2168.244,2214.2630000000004,326.538,126.08700000000003,135.999,0.9416129032258065,72.69000000000004,331002647.0,38.3,54225.446,19.1,24.6,2.77,78.86,0.926,93.8382819802165
USA,United States,2020-06,2642081.0,843368.0,779016.427,127952.0,19867.0,21379.286,7982.054,2547.9179999999997,2353.505,386.559,60.022999999999996,64.59,1.1323333333333336,70.71133333333336,331002647.0,38.3,54225.446,19.1,24.6,2.77,78.86,0.926,95.820651662501
USA,United States,2020-07,4566931.0,1924850.0,1853415.1439999996,154545.0,26593.0,24314.859,13797.264,5815.21,5599.395999999999,466.9,80.341,73.45800000000001,1.1190322580645158,68.26387096774198,331002647.0,38.3,54225.446,19.1,24.6,2.77,78.86,0.926,97.494978597909
USA,United States,2020-08,6025593.0,1458662.0,1540396.427,184260.0,29715.0,31206.716,18204.063,4406.798,4653.727,556.672,89.77199999999998,94.277,0.9154838709677418,67.13000000000005,331002647.0,38.3,54225.446,19.1,24.6,2.77,78.86,0.926,98.2198899269002
USA,United States,2020-09,7231832.0,1206239.0,1205836.714,207708.0,23448.0,23561.856,21848.26,3644.1989999999996,3642.9819999999995,627.512,70.837,71.18199999999999,1.0003333333333333,64.19766666666666,331002647.0,38.3,54225.446,19.1,24.6,2.77,78.86,0.926,98.4469360099258
USA,United States,2020-10,9158771.0,1926939.0,1781328.144,232302.0,24594.0,23797.144,27669.782,5821.522,5381.611,701.813,74.3,71.89399999999999,1.1432258064516132,64.05161290322583,331002647.0,38.3,54225.446,19.1,24.6,2.77,78.86,0.926,98.7252033731029
USA,United States,2020-11,13655220.0,4496449.0,4288048.285,271670.0,39368.0,38208.43000000001,41254.111,13584.330999999998,12954.724,820.749,118.93299999999998,115.43199999999999,1.1809999999999998,69.62866666666667,331002647.0,38.3,54225.446,19.1,24.6,2.77,78.86,0.926,99.0129844577504
USA,United States,2020-12,20061903.0,6406683.0,6248586.146000001,352729.0,81059.0,75905.85900000003,60609.494,19355.384000000002,18877.753000000004,1065.638,244.89000000000001,229.32100000000003,1.0445161290322582,71.87935483870969,331002647.0,38.3,54225.446,19.1,24.6,2.77,78.86,0.926,99.2973398094456
USA,United States,2021-01,26187035.0,6125132.0,6327413.427999999,448100.0,95371.0,95689.00100000002,79114.277,18504.782000000003,19115.898,1353.766,288.12899999999996,289.09099999999995,0.9464516129032259,71.76000000000002,331002647.0,38.3,54225.446,19.1,24.6,2.77,78.86,0.926,99.5038666434948
